Frank Meese,mugtang,Mon Nov 02 20:40:52 +0000 2015,"@JuliaLopez3 should be fun.  I gave consideration to driving down but didn't want to use my pto for it.  #firstworldproblems"
Georgia Lewis,georgialewis76,Mon Nov 02 20:40:40 +0000 2015,"Good Lord, the Evening Standard report on the fog was a festival of whiny, #firstworldproblems-laden overgrown babies."
Izzard,Izzard,Mon Nov 02 20:40:37 +0000 2015,"The app switcher on the new Apple TV inexplicably scrolls the wrong way.
(OK, I guess: #FirstWorldProblems)"
Jessica,JClyde_xo,Mon Nov 02 20:40:36 +0000 2015,"When you're office just as cold as the weather outside üòí #firstworldproblems"
–ì –¢ –û,foxy_belka,Mon Nov 02 20:40:23 +0000 2015,"—É –º–µ–Ω—è –¥–∞–∂–µ –Ω–µ—Ç –¥–µ–Ω–µ–≥ –ø–∏—Ü—Ü—É –∑–∞–∫–∞–∑–∞—Ç—å, –∞ —Ö–æ—á–µ—Ç—Å—è –±–æ–ª—å—à–µ –∂–∏–∑–Ω–∏ (((
#firstworldproblems"
insert shriek here,kueblerwolf,Mon Nov 02 20:38:47 +0000 2015,"Decided not to propose paper for conf. in Edinburgh that would complicate travel to conf. in Spain. #firstworldproblems #professorproblems"
Katherine Dye,katherine_dye,Mon Nov 02 20:37:12 +0000 2015,"Real problems: can't decide whether to buy books or concert tickets.
#books #concert #tickets #what todo #crisis #firstworldproblems #funny"
Claire Willette,SailboatSky,Mon Nov 02 20:37:10 +0000 2015,"The hardest part of editing is not being able to listen to music. #firstworldproblems"
Chris Leversha,chris_leversha,Mon Nov 02 20:36:37 +0000 2015,"Nigella Lawson is the epitome of #firstworldproblems with her breakfast radishes and German spelt bread! #SimplyNigella"
TravisYarwood,TravisYarwood,Mon Nov 02 20:35:54 +0000 2015,"Everything I want to watch on Netflix I can't watch cause it's everything me and fenella watch together #firstWorldproblems"
Ozzie,Ozzie_Says,Mon Nov 02 20:33:22 +0000 2015,"I had a nightmare involving uber #firstworldproblems"
James Lavery,JimLavery,Mon Nov 02 20:33:04 +0000 2015,"@Rob_Newbery #firstworldproblems"
Kelly Martin,thekellymartin,Mon Nov 02 20:32:59 +0000 2015,"So much tension in my neck! Would kill for a hot stone massage right now! #firstworldproblems"
well loved stories,ms_peaceweaver,Mon Nov 02 20:32:47 +0000 2015,"@TopCat3legs @Ocado I bought baby pink one &amp; was devastated when within two weeks they brought out peppermint green one #firstworldproblems"
Cara,caraosity,Mon Nov 02 20:32:43 +0000 2015,"#firstworldproblems so much right now but I'm just so üòëüòëüòë"
Virgil Hawkins,_JimScreechie_,Mon Nov 02 20:32:36 +0000 2015,"Ever unfollow someone because they look very close to someone you don't like üò™ #firstworldproblems"
kiles‚òΩ ‚òº,KileyShort,Mon Nov 02 20:30:37 +0000 2015,"the biggest struggle in my life is the fact that my nails are wet and i can't eat #firstworldproblems"
Boother,FreethoughtDad,Mon Nov 02 20:30:07 +0000 2015,"Loving that the KC Royals win the World Series! But sad to see so many putting sports above our kids education. #firstworldproblems"
Licenciado Zae,zaecampos,Mon Nov 02 20:29:49 +0000 2015,"Hoy q quiero una limonada no veo ni una carpa! #firstworldproblems #sinlimonadasnohayparaiso"
Bradley¬©,BradleyWates,Mon Nov 02 20:29:22 +0000 2015,"Fucking pasta on my jeans #firstworldproblems"
Page,PageMcNaught,Mon Nov 02 20:29:16 +0000 2015,"I'm not a pushy person but serious open my Snapchat!! Ugh #firstworldproblems"
Cohle H. Smith,cohleHsmith,Mon Nov 02 20:28:32 +0000 2015,"RT @harto: The AppleTV remote is so small!! I always lose it!!! #firstworldproblems"
Schokonini,Krawallschaf,Mon Nov 02 20:28:03 +0000 2015,"Noch mehr, nachdem man ihn aus der "facebook-freundesliste" entfernt hat #firstworldproblems"
Trista Mae,tristamlegrande,Mon Nov 02 20:27:55 +0000 2015,"I've grown up being called Trista Mae and I'm getting really jealous at how popular my middle name is becoming üòî #firstworldproblems"
Michael Gonzalez,W_W_M_D,Mon Nov 02 20:27:19 +0000 2015,"@LaurenETaylor11 hopefully you never travel outside of the US. #itgetsworse #firstworldproblems"
James Stillson,JamesStillson8,Mon Nov 02 20:27:06 +0000 2015,"@JordanDePauw #firstworldproblems"
liz bradley,lizAbrossard,Mon Nov 02 20:27:04 +0000 2015,"I just had to turn the air conditioning on in my office because it is 72 degrees outside in November. #firstworldproblems #onlyinchicago"
Mel,janayvarela,Mon Nov 02 20:26:23 +0000 2015,"I hate the rain because my wifi connection is bad lol #firstworldproblems"
$tephen #„Åø„ÇÑ„ÅíÂìÅ,Zextillion,Mon Nov 02 20:25:34 +0000 2015,"RT @firstworldme: I'm just too comfortable to brave the harsh elements of the dating world. #firstworldproblems"
Phil Bacon,Shuffledog,Mon Nov 02 20:22:56 +0000 2015,"Wasn't enough room on that last tweet to add #firstworldproblems."
Noelle ,Noelle1Always,Mon Nov 02 20:22:17 +0000 2015,"@imTulip That is being spoiled!! üòÇ#firstworldproblems"
Jay Miller,kjaymiller,Mon Nov 02 20:21:49 +0000 2015,"RT @rabryst: It's November. Where is my iPad Pro?

#firstworldproblems"
i bring sexy back,GandhiAman45,Mon Nov 02 20:20:57 +0000 2015,"Great now I'm in the middle of an odd situation of having my grandparents yell at each other #akward #annoying #firstworldproblems"
Jack Kerrigan,JackKerrigan6,Mon Nov 02 20:20:52 +0000 2015,"@SportsCenter #firstworldproblems"
Kileigh,kileighslife,Mon Nov 02 20:20:39 +0000 2015,"Shopping for a down vest. This is more complicated than I anticipated. I just want to know if I'll be cold üòï. #firstworldproblems #shopping"
Josh Gundry,JoshGundry,Mon Nov 02 20:19:46 +0000 2015,"@sexpotxo #firstworldproblems"
GolfWiz,ddubw,Mon Nov 02 20:19:17 +0000 2015,"ùó™ùóúùó°ùóôùó¢ùó•ùó†ùó¶ ùóúùó¶ ùóßùóõùóò ùóóùóòùó©ùóúùóü!
Coding in this crap is like trying to slit your wrists with a spoon. Gets done, but so painful #firstworldproblems"
Brendon Barry,BBarry31,Mon Nov 02 20:18:38 +0000 2015,"Internet works just fine with the router we have to get a new one so the spoiled rich kid can game online. #firstworldproblems"
Mattholomeu,the_real_minnow,Mon Nov 02 20:17:33 +0000 2015,"#firstWorldProblems"
CharM,Charlotte2908,Mon Nov 02 20:17:22 +0000 2015,"We have finally moved into our new home. No WiFi no data no conversation = divorce? #firstworldproblems #newhome"
Jay Zee,gyrobifastigium,Mon Nov 02 20:16:16 +0000 2015,"Ich kann mit meinen Echtlederhandschuhen die Touch-Konsole von meinem Neuwagen nicht bedienen. #firstworldproblems"
Sophie.,soophiieanne,Mon Nov 02 20:15:05 +0000 2015,"Really can't decide what size iPhone to get. #firstworldproblems #helpme"
Taryn Sabbioni,TazziTwoShoes,Mon Nov 02 20:15:01 +0000 2015,"I shouldn't giggle so hard at this...but I am #firstworldproblems https://t.co/Lcfayw7t06"
Ely Ram√≠rez,SoyUnaEly,Mon Nov 02 20:13:49 +0000 2015,"No tengo cuchillo para partir mi lim√≥n #firstworldproblems #Problemasdegodinez https://t.co/QD3l64J9T4"
Shannon Meditz,Shannonk0074,Mon Nov 02 20:13:42 +0000 2015,"Is it horrible id rather buy a new stove than clean the one I have?? #firstworldproblems"
Nelley Nelle,HanelleCrites,Mon Nov 02 20:10:31 +0000 2015,"RT @britt_terland: Hand wrote 5+ pages for my history midterm. I think my hand is going to fall off. #firstworldproblems"
r@ndol.ph,rabryst,Mon Nov 02 20:10:29 +0000 2015,"It's November. Where is my iPad Pro?

#firstworldproblems"
Nathan Valiant,NathanValiant,Mon Nov 02 20:09:35 +0000 2015,"@adejohnleader once had a train driver delay our start because he was irritated that he didn't finish his book chapter #firstworldproblems"
lexi,leexxim,Mon Nov 02 20:08:57 +0000 2015,"when your iPhone unlocks with your fingerprint before you're even ready. #firstworldproblems"
Don Mac√§nlalay,directedbydon,Mon Nov 02 20:08:08 +0000 2015,"Guess I'm moving to Queen Anne. Where do I throw away my old stuff? #firstworldproblems"
Jaluna Rolik,JuneberryChan,Mon Nov 02 20:07:55 +0000 2015,"Dear television. Please make up your mind if you're up to being watched. Your flicker is gonna give someone a seizure. #firstworldproblems?"
Gloria Ann Walthour,AnnWalthour,Mon Nov 02 20:07:51 +0000 2015,"RT @GuinanLarry: @Storagezilla @StarTrek Look, the rest of the world doesn't matter. #firstworldproblems Can we go back to having all the s‚Ä¶"
Hank Lynch,Hank,Mon Nov 02 20:07:18 +0000 2015,"4am, jetlagged in Singapore, need sleep.
#firstworldproblems"
Sarah ‚úò,Gedankenmutant,Mon Nov 02 20:06:19 +0000 2015,"#firstworldproblems"
Texas Girl :),Texas_Girl1989,Mon Nov 02 20:06:02 +0000 2015,"I hate when I leave work for lunch and someone steals my super close parking spot üòÇ #firstworldproblems"
The Best Skeleton,ThatStrohl,Mon Nov 02 20:05:46 +0000 2015,""Someone I don't know is trying to talk to me" is perhaps the biggest example for #firstworldproblems"
Chels,Chellabella___,Mon Nov 02 20:05:19 +0000 2015,"Ughhh #firstworldproblems"
Georgie,FutbolSloth,Mon Nov 02 20:04:32 +0000 2015,"@Chana9MUFC already knew Dembele scored because of Twitter. #firstworldproblems"
Chananoglu,Chana9MUFC,Mon Nov 02 20:04:11 +0000 2015,"#firstworldproblems  https://t.co/z4QT3ViIbk"
Richard Pike,Richie_J279,Mon Nov 02 20:04:00 +0000 2015,"@VictoriaCoren only connect being on earlier is messing with my circadian rhythms #firstworldproblems"
Shana Hunter Lee,iheartairplanes,Mon Nov 02 20:04:00 +0000 2015,"10 person line @Starbucks, only one barista.  Other one is filling the carmel tubes.  With a pastry tube.  #firstworldproblems #annoyed"
Kim,Thaloki88,Mon Nov 02 20:03:48 +0000 2015,"WEGEN MEINEN SCHEISS WLAN KANN ICH DIE NEUE TITAN FOLGE VON @TwoEpicBuddies NICHT FL√úSSIG GUCKEN! #firstworldproblems"
Katie Jo,KatieJo512,Mon Nov 02 20:03:19 +0000 2015,"Texting people who don't have iMessage is awful. I need to know when you've read my shit. #firstworldproblems"
Poochloaf,SamuelsStarlynn,Mon Nov 02 20:02:41 +0000 2015,"Y are there so many yellow fruit loops #firstworldproblems"
Michael DePauw,Micoo_Wapedu,Mon Nov 02 20:02:12 +0000 2015,"@JulieMyklebust #firstworldproblems"
Jess,J_Garrr,Mon Nov 02 20:02:02 +0000 2015,"Now that all the emojis are moved around.. I can't ever find the ones I want. #firstworldproblems"
Michael Matusowsky,MatuMikey,Mon Nov 02 20:00:21 +0000 2015,"Im so bored but I'm too tired to do anything #firstworldproblems"
stewchickenqueen,VibrantMsBryan,Mon Nov 02 19:59:51 +0000 2015,"This is going to be one of the toughest decisions of my life: to nap or to eat before work #firstworldproblems ugh üò©üòî"
R. Julian Talens,rjuliantalens,Mon Nov 02 19:59:21 +0000 2015,"idk what to eat for lunch #firstworldproblems"
Tim Reed,redsv650,Mon Nov 02 19:57:59 +0000 2015,"@Starbucks has cut the time for a Bday drink to just 3 days. Gee thanks. Glad I checked my app. @NYAJoes is much better. #FirstWorldProblems"
JellyFish!,FlyingMarioMan,Mon Nov 02 19:57:48 +0000 2015,"RT @harto: The AppleTV remote is so small!! I always lose it!!! #firstworldproblems"
Caroline,carolineluke05,Mon Nov 02 19:56:39 +0000 2015,"When there was a lone, boxless hot pocket in the freezer, so you have no clue what dangers you could be biting into #firstworldproblems"
DragonflameGaming,drgonflames,Mon Nov 02 19:55:53 +0000 2015,"Watching an amazing show but without anything to eat while i eatch it #firstworldproblems"
Alana Winnick,AlanaWinnick,Mon Nov 02 19:55:40 +0000 2015,"Only you with the wardrobe issues @jftech1 #firstworldproblems @jlubinsky @jenniferacronk @mtromblee1 @jluft1 @MrSchoenbart @srtech1"
Jessy Cooke,JessyC_6,Mon Nov 02 19:55:38 +0000 2015,"THE YEAR I GO TRAVELLING WOULD BE THE YEAR THEY GIG AGAIN üò≠ #firstworldproblems #StoneRoses"
Cara,FaMess,Mon Nov 02 19:55:18 +0000 2015,"When the world is your oyster, sometimes you have a hard time deciding where to go next month. #firstworldproblems"
Emma,BabylonQaF,Mon Nov 02 19:55:15 +0000 2015,"J'ai un l√©ger probl√®me, je veux voir @JeremyFerrari en live mais j'habite a Los Angeles... Fuck my life #FirstWorldProblems"
gerald pao,PLURplus,Mon Nov 02 19:53:17 +0000 2015,"#DataAnalysis wars R vs. Python in a graphic #datascience #firstworldproblems 
https://t.co/WTkJ5qkUl1"
Soof,sophieshahla,Mon Nov 02 19:52:45 +0000 2015,"Left my decaf @YorkshireTea bags at work.. @Bettys1919 Peppermint Tisane it is then. 
#firstworldproblems"
AS IF!,journolista,Mon Nov 02 19:52:33 +0000 2015,"How the hell am I supposed to eat 3000 calories a day????Ugh #firstworldproblems #GymLife"
Kimberly Crane,KimberlyyyCrane,Mon Nov 02 19:52:11 +0000 2015,"@CodyMathia #firstworldproblems"
Rob Readling,RobReadling,Mon Nov 02 19:52:03 +0000 2015,"@sqlnikon @Level3 #priorities #firstworldproblems"
Alexandra,noise_jam,Mon Nov 02 19:51:11 +0000 2015,"–í–æ–æ–±—â–µ –º–µ–Ω—è –ø–æ—Ä–∞ –∑–∞–∫–æ–¥–∏—Ä–æ–≤–∞—Ç—å –æ—Ç –∫—Ä–æ—Å—Å–æ–≤–æ–∫ —Ñ–∏—Ä–º –Ω–∞—á–∏–Ω–∞—é—â–∏—Ö—Å—è –Ω–∞ –±—É–∫–≤—É ‚Äún‚Äù #firstworldproblems"
H.E. KRis Nsabiyumva,Mr_Burundi,Mon Nov 02 19:50:37 +0000 2015,"@MikeDJeremy hahaha #firstWorldProblems"
Anna Cottrill,annacottrill14,Mon Nov 02 19:50:17 +0000 2015,"RT @harto: The AppleTV remote is so small!! I always lose it!!! #firstworldproblems"
Carla Collins,Carla_Collins,Mon Nov 02 19:49:25 +0000 2015,"I'm gluten-intolerant in that I can no longer tolerate hearing about one more person's issues with gluten. #firstworldproblems"
Kris,Verwonderster,Mon Nov 02 19:47:49 +0000 2015,"En ik wilde Penoza kijken! #firstworldproblems"
Devon Parlett,DevonParlett,Mon Nov 02 19:47:31 +0000 2015,"Been offered two jobs! So where do I work? Ted Baker? Or Fat Face? #firstworldproblems"
Chelsea Duffield,CJ_MD911,Mon Nov 02 19:46:41 +0000 2015,"@colefront Those things are refillable? I just throw mine away and buy a new one. ;) #firstworldproblems"
Matthias Weiss,kenshiroonline,Mon Nov 02 19:46:22 +0000 2015,"@TheMercedesXXX Instead people keep whining and whining...#firstworldproblems"
Dawid,dabudubida,Mon Nov 02 19:45:31 +0000 2015,"I zn√≥w ten kiepski moment, kiedy przeczyta≈Çem ksiƒÖ≈ºkƒô i nie umiem wybraƒá kolejnej do czytania -.- #FirstWorldProblems"
Heather Gibbs Flett,rookieheather,Mon Nov 02 19:45:30 +0000 2015,"Help! I need a unicycle emoji. #firstworldproblems"
Marie Cruz,missmarie8,Mon Nov 02 19:45:11 +0000 2015,"Some people think in English, others in Spanish or some other language.. I think in IG captions. ü§ìüòë lol #firstworldproblems"
UO,francisgittus,Mon Nov 02 19:44:34 +0000 2015,"So much to do and so little time #firstworldproblems"
Six,Sixfever,Mon Nov 02 19:44:09 +0000 2015,"@mego705 #firstworldproblems"
Anastasia ‚ú®,daintydesires,Mon Nov 02 19:42:53 +0000 2015,"I've painted my nails on one hand and now can't be bothered to do the other #firstworldproblems"
Wheezy Nurse¬© RN BSN,WheezyNurse,Mon Nov 02 19:42:52 +0000 2015,"RT @ekwetzel: This F/G cup nursing tank is really tight. #bigboobproblems #pregnancyproblems #nursingproblems #firstworldproblems"
Kevin R,Milo_Z,Mon Nov 02 19:42:39 +0000 2015,"You know you're in trouble when your PC hangs &amp; you can't even get Task Manager to open #Win8.1 #firstworldproblems #fb"
Tara,taraborat,Mon Nov 02 19:42:26 +0000 2015,"Every single time I walk to my car I literally think it's been stolen because I forgot where I parked #life #firstworldproblems"
Matthew Stevens,matt_the_writer,Mon Nov 02 19:42:17 +0000 2015,"These commercials for @CallofDuty #BlackOps3 make me want a #PS4 sooner rather than later. #firstworldproblems"
